text,target_level,quality
Mau tidur siang bentar abis pulang sekolah capek banget,Self,Standard
Minum air putih yang banyak biar gak dehidrasi,Self,Standard
Makan sayur bayam buatan mama,Self,Standard
Nabung sisa uang jajan 2 ribu di celengan,Self,Standard
Cuci muka sebelum tidur biar gak jerawatan,Self,Standard
Main game 30 menit buat hiburan,Self,Standard
Dengerin lagu favorit di kamar sendirian,Self,Standard
Gak begadang malem ini mau tidur jam 9,Self,Standard
Sarapan roti sebelum berangkat sekolah,Self,Standard
Beli es krim buat nyenengin diri sendiri,Self,Standard
Istirahat sejenak dari tugas numpuk,Self,Standard
Mandi air anget biar rileks,Self,Standard
Nonton satu episode anime kesukaan,Self,Standard
Jalan-jalan sore keliling komplek,Self,Standard
Beresin kasur sendiri pas bangun,Self,Standard
Ngerjain hobi gambar pas lagi luang,Self,Standard
Beli pulpen lucu buat semangat belajar,Self,Standard
Makan tepat waktu biar maag gak kambuh,Self,Standard
Sisiran yang rapi biar ganteng,Self,Standard
Pake masker wajah biasa,Self,Standard
Potong kuku yang udah panjang,Self,Standard
Gosok gigi abis makan coklat,Self,Standard
Beli jajanan kantin yang aku suka,Self,Standard
Duduk santai di taman sekolah pas istirahat,Self,Standard
Gak main hp pas lagi makan,Self,Standard
Minum susu biar tinggi,Self,Standard
Pakai baju yang nyaman buat di rumah,Self,Standard
Nabung recehan kembalian angkot,Self,Standard
Liat pemandangan langit sore,Self,Standard
Tidur cukup 8 jam,Self,Standard
Makan buah pisang satu biji,Self,Standard
Beli stiker buat ditempel di laptop,Self,Standard
Nonton youtube channel favorit bentar,Self,Standard
Scroll tiktok 15 menit buat ketawa,Self,Standard
Pake parfum biar wangi,Self,Standard
Nyemil biskuit pas lagi laper,Self,Standard
Keramas biar kepala dingin,Self,Standard
Ganti sprei kasur biar tidur enak,Self,Standard
Beli kuota buat internetan sendiri,Self,Standard
Makan bakso pas ujan ujan,Self,Standard
Pakai jaket pas lagi dingin,Self,Standard
Minum vitamin C satu butir,Self,Standard
Rebahan bentar di sofa,Self,Standard
Baca komik satu chapter,Self,Standard
Nguncir rambut biar gak gerah,Self,Standard
Pake sepatu yang gak bikin lecet,Self,Standard
Bawa bekel dari rumah biar hemat,Self,Standard
Beli minuman dingin pas panas terik,Self,Standard
Nulis jadwal pelajaran besok,Self,Standard
Charger hp biar gak lowbat pas dipake,Self,Standard
Lari pagi keliling stadion 3 putaran non-stop,Self,Exceptional
Puasa sosmed seharian biar pikiran tenang,Self,Exceptional
Baca buku non-fiksi 20 halaman hari ini,Self,Exceptional
Nabung 50% uang jajan buat beli sepatu impian,Self,Exceptional
Belajar 1 jam full fokus,Self,Exceptional
Workout di kamar ikut tutorial youtube,Self,Exceptional
Makan salad sayur full tanpa dressing mayones,Self,Exceptional
Journaling nulis apa yang dirasain hari ini,Self,Exceptional
Bangun subuh terus ibadah tepat waktu,Self,Exceptional
Diet gula seminggu ini gak minum boba samsek,Self,Exceptional
Ngerjain tugas jauh sebelum deadline biar gak stress,Self,Exceptional
Belajar bahasa inggris 15 menit di duolingo,Self,Exceptional
Meditasi 10 menit sebelum tidur biar tenang,Self,Exceptional
Rapihin seluruh kamar sampe kinclong banget,Self,Exceptional
Masak makanan sehat sendiri di dapur,Self,Exceptional
Jogging sore rutin setiap hari minggu,Self,Exceptional
Latihan alat musik 1 jam biar makin jago,Self,Exceptional
Review materi pelajaran tadi siang biar nempel,Self,Exceptional
Bikin to-do list biar hari ini produktif,Self,Exceptional
Gak jajan sembarangan demi kesehatan perut,Self,Exceptional
Minum air putih 2 liter sehari target tercapai,Self,Exceptional
Nyelesain satu novel tebel dalam seminggu,Self,Exceptional
Berani presentasi di depan kelas buat ngelatih pede,Self,Exceptional
Ikut ekskul baru buat nambah pengalaman,Self,Exceptional
Nabung buat beli kado ultah diri sendiri nanti,Self,Exceptional
Memaafkan diri sendiri karena nilai ulangan jelek dan janji bangkit lagi,Self,Featured
Self-reward liburan seharian setelah berjuang keras buat ujian,Self,Featured
Ngaca di cermin terus bilang 'aku berharga' pas lagi down banget,Self,Featured
Berhasil nahan diri buat gak ngelakuin bad habit (ngerokok/vape),Self,Featured
Nulis surat cinta untuk diri sendiri di masa depan,Self,Featured
Berani bilang 'TIDAK' ke temen toxic demi kesehatan mental gw,Self,Featured
Nerima kekurangan fisik aku dan mulai sayang sama badan sendiri,Self,Featured
Deep talk sama diri sendiri buat ngurai benang kusut di otak,Self,Featured
Nangis sepuasnya buat melegakan hati abis itu senyum lagi,Self,Featured
Mutusin buat move on dan fokus ke pengembangan diri,Self,Featured
Berhenti ngebandingin diri sendiri sama influencer di Instagram,Self,Featured
Nyisihin uang jajan sebulan buat modal usaha kecil-kecilan sendiri,Self,Featured
Berani jujur ke orang tua tentang perasaan aku yang sebenernya,Self,Featured
Keluar dari circle pertemanan yang bikin aku insecure terus,Self,Featured
Ngambil waktu seharian buat 'date' sama diri sendiri ke museum,Self,Featured
Berjanji sama diri sendiri gak akan nyakitin badan lagi,Self,Featured
Bangkit dari kegagalan lomba dan langsung daftar lomba lain,Self,Featured
Mengapresiasi usaha kecil aku walau orang lain gak liat,Self,Featured
Menyadari kalau istirahat itu bukan berarti malas tapi butuh,Self,Featured
Memeluk diri sendiri secara harfiah pas lagi ngerasa kesepian,Self,Featured
Menulis gratitude journal: 5 hal yang aku syukuri tentang diriku,Self,Featured
Menghapus semua file/chat kenangan yang bikin sakit hati,Self,Featured
Pergi konseling/curhat ke guru BK demi kesehatan mentalku,Self,Featured
Memberi izin ke diri sendiri untuk tidak menjadi sempurna,Self,Featured
Merayakan keberhasilan kecil bisa bangun pagi tanpa alarm,Self,Featured
Pinjemin pulpen ke temen sebangku pas dia lupa bawa,Friend,Standard
Nungguin temen di gerbang sekolah biar pulang bareng,Friend,Standard
Bagi bekel nasi goreng ke temen yang gak bawa uang saku,Friend,Standard
Ngasih tau halaman PR matematika di grup chat kelas,Friend,Standard
Nemenin temen ke toilet pas jam pelajaran,Friend,Standard
Like postingan foto baru temen di Instagram,Friend,Standard
Bantuin temen piket hapus papan tulis,Friend,Standard
Ucapin selamat ulang tahun pas jam 12 malem,Friend,Standard
Minjemin tip-x bentar ke temen belakang,Friend,Standard
Nanyain kabar temen yang gak masuk hari ini,Friend,Standard
Ngasih tau ada guru killer dateng biar temen siap-siap,Friend,Standard
Ngebangunin temen yang ketiduran pas jam kosong,Friend,Standard
Bawain tas temen yang lagi sakit perut ke UKS,Friend,Standard
Traktir temen minum es teh di kantin,Friend,Standard
Ngajak temen baru ngobrol biar gak sendirian,Friend,Standard
Minjemin catatan IPA buat difotocopy temen,Friend,Standard
Ngetag temen di meme lucu biar dia ketawa,Friend,Standard
Bantuin temen nyari barangnya yang ilang di kelas,Friend,Standard
Gak ninggalin temen sendirian pas lagi kerja kelompok,Friend,Standard
Ngasih semangat ke temen yang mau remed ulangan,Friend,Standard
Bagi hotspot/tethering ke temen buat submit tugas,Friend,Standard
Jaga rahasia temen soal siapa crush-nya,Friend,Standard
Dengerin cerita temen soal liburan sekolahnya,Friend,Standard
Bantuin temen beresin buku ke dalam tas pas bel pulang,Friend,Standard
Gak ngetawain temen pas dia salah jawab pertanyaan guru,Friend,Standard
Muji presentasi temen di depan kelas,Friend,Standard
Ingetin temen buat balikin buku perpus biar gak didenda,Friend,Standard
Nebengin temen sampe depan gang rumahnya,Friend,Standard
Ngambilin sendok buat temen pas makan bareng,Friend,Standard
Minjemin jaket ke temen yang kedinginan di kelas ber-AC,Friend,Standard
Bantuin temen ngiket tali sepatunya yang lepas,Friend,Standard
Ngasih tau ada kotoran di baju temen biar dia gak malu,Friend,Standard
Bantuin temen milih baju buat acara pensi,Friend,Standard
Nemenin temen nunggu jemputan ortunya yang telat,Friend,Standard
Bagi permen mint ke temen yang ngantuk,Friend,Standard
Nyisihin tempat duduk buat temen di kantin yang rame,Friend,Standard
Bales chat temen cepet pas dia butuh info,Friend,Standard
Gak spoiler film ke temen yang belum nonton,Friend,Standard
Ngajak temen main game bareng pas weekend,Friend,Standard
Nemenin temen ke koperasi beli dasi,Friend,Standard
Bantuin temen masang poster mading kelas,Friend,Standard
Ngasih tau jawaban soal yang susah pas diskusi kelompok,Friend,Standard
Ingetin temen jangan lupa sholat dzuhur pas istirahat,Friend,Standard
Muji baju baru temen biar dia seneng,Friend,Standard
Bantuin temen bawa tumpukan buku paket ke ruang guru,Friend,Standard
Gak posting aib temen di status WA,Friend,Standard
Ngajak temen sekelompok buat latihan drama sepulang sekolah,Friend,Standard
Minta maaf duluan kalau abis bercanda kelewatan,Friend,Standard
Ngasih kado kecil pas temen ulang tahun,Friend,Standard
Senyum dan nyapa temen pas papasan di lorong,Friend,Standard
Ngajarin temen rumus Fisika sampe dia bener-bener ngerti,Friend,Exceptional
Dateng ke rumah temen yang sakit bawain buah tangan,Friend,Exceptional
Bantuin temen bikin properti drama sampe malem,Friend,Exceptional
Jadi penengah pas ada dua temen circle yang berantem,Friend,Exceptional
Nemenin temen curhat sambil nangis karena masalah keluarga,Friend,Exceptional
Ngebela temen yang lagi diomongin jelek di belakang,Friend,Exceptional
Bantuin temen jualan makanan buat nambah uang sakunya,Friend,Exceptional
Rela gak jajan demi patungan beli kado wali kelas bareng temen,Friend,Exceptional
Ngasih tebengan pulang padahal rumahnya agak muter,Friend,Exceptional
Bantuin temen latihan pidato bahasa Inggris biar lancar,Friend,Exceptional
Hibur temen yang sedih banget karena nilainya jeblok,Friend,Exceptional
Gantiin jadwal piket temen yang lagi ada urusan mendadak,Friend,Exceptional
Ngedit video tugas kelompok sendirian biar temen lain istirahat,Friend,Exceptional
Pinjemin baju seragam cadangan ke temen yang bajunya kotor,Friend,Exceptional
Bantuin temen ngerjain dekorasi kelas buat lomba 17an,Friend,Exceptional
Nemenin temen latihan basket tiap sore biar dia masuk tim inti,Friend,Exceptional
Ngasih catetan lengkap ke temen yang abis sakit seminggu,Friend,Exceptional
Bujuk temen yang lagi ngambek biar mau gabung lagi,Friend,Exceptional
Nganterin temen pulang yang sepedanya ban bocor,Friend,Exceptional
Bantuin temen nyiapin kejutan ultah buat pacarnya,Friend,Exceptional
Jagain barang-barang temen pas dia lagi sholat Jumat,Friend,Exceptional
Masakin bekal khusus buat temen yang lagi ultah,Friend,Exceptional
Ngajak temen pendiam buat gabung main biar gak minder,Friend,Exceptional
Nemenin temen beli kado buat ortunya di mall,Friend,Exceptional
Patungan gantiin barang kelas yang dipecahin temen gak sengaja,Friend,Exceptional
Pasang badan ngelindungin temen yang mau dipalak kakak kelas,Friend,Featured
Jujur negur temen baik yang mulai nyoba ngerokok/vape,Friend,Featured
Nolak ajakan bolos sekelas demi nemenin satu temen yang mau belajar,Friend,Featured
Ngumpulin donasi satu angkatan buat temen yang kena musibah,Friend,Featured
Rela dimusuhin satu geng karena nemenin temen yang dibully,Friend,Featured
Memaafkan temen yang udah ngehianatin kepercayaan aku,Friend,Featured
Nyemangatin temen yang broken home biar gak putus sekolah,Friend,Featured
Bantuin temen difabel naik tangga sekolah setiap hari,Friend,Featured
Ngasih uang jajan sendiri ke temen yang kelaparan gak bawa duit,Friend,Featured
Nemenin temen ke ruang BK buat laporin kasus bullying,Friend,Featured
Belajar bahasa isyarat biar bisa ngobrol sama temen tuli,Friend,Featured
Ngalah gak ikut seleksi OSIS biar sahabat yang kepengen bisa masuk,Friend,Featured
Nyariin beasiswa/info bantuan buat temen yang nunggak SPP,Friend,Featured
Tetep temenan sama dia walaupun dia dijauhin satu sekolah,Friend,Featured
Ngeyakinin temen yang mau bunuh diri kalau dia berharga,Friend,Featured
Ngorbanin waktu weekend buat ngajarin temen baca Quran/Ngaji,Friend,Featured
Berani lapor guru pas liat temen dipukulin geng lain,Friend,Featured
Ngerawat kucing peliharaan temen pas dia lagi mudik lama,Friend,Featured
Bikin surprise video ucapan dari idola buat temen yang lagi sakit keras,Friend,Featured
Ngebantuin temen bangkit dari depresi pelan-pelan,Friend,Featured
Jual barang kesayangan buat bantu biaya berobat orang tua temen,Friend,Featured
Nemenin temen yang hamil di luar nikah dan gak nge-judge,Friend,Featured
Ngasih tumpangan tinggal sementara buat temen yang diusir rumah,Friend,Featured
Ngajarin temen yang buta huruf/kurang lancar baca sampe bisa,Friend,Featured
Mendonorkan darah buat temen yang kecelakaan,Friend,Featured
Nemenin Rizky ke toilet bentar,Friend,Standard
Minjemin pulpen ke Siti karena dia lupa bawa,Friend,Standard
Ngajak Dimas mabar Mobile Legends nanti malem,Friend,Standard
Nungguin Putri di depan gerbang biar pulang bareng,Friend,Standard
Bantuin Farel ngerjain tugas matematika yang susah,Friend,Standard
Ngasih tau Zahra kalau tali sepatunya lepas,Friend,Standard
Traktir Kevin minum es teh di kantin,Friend,Standard
Jenguk Budi yang lagi sakit demam di rumahnya,Friend,Exceptional
Ngajarin Ayu main gitar lagu favoritnya,Friend,Exceptional
Bantuin Ilham beresin buku yang jatoh berantakan,Friend,Standard
Boncengin Raka pulang sekolah karena dia gak dijemput,Friend,Exceptional
Dengerin curhatan Sinta soal masalah di rumahnya,Friend,Exceptional
Ngasih kado ulang tahun jam tangan ke Bayu,Friend,Exceptional
Minta maaf ke Dinda gara-gara gak sengaja ngerusakin bukunya,Friend,Standard
Ngajak Yusuf sholat dzuhur bareng di mushola,Friend,Standard
Bagi bekel nasi goreng ke Tari yang gak bawa uang,Friend,Exceptional
Ngebela Reza pas dia diejek sama kakak kelas,Friend,Featured
Minjemin jaket ke Nadia karena kelas dingin banget,Friend,Standard
Bantuin Aldo bikin properti drama sepulang sekolah,Friend,Exceptional
Ingetin Gilang buat balikin buku perpus besok,Friend,Standard
Nyemangatin Vina yang lagi sedih nilainya jelek,Friend,Exceptional
Nemenin Andre nunggu jemputan sampe sore,Friend,Standard
Ngasih jawaban ke Citra pas kerja kelompok,Friend,Standard
Bantuin Eko ngangkat galon air buat kelas,Friend,Standard
Patungan sama anak-anak beli kue buat Desi,Friend,Standard
Jujur ke Tio kalau rokok itu gak baik buat dia,Friend,Featured
Rela gak jajan demi beliin obat buat Laras,Friend,Featured
Maafin Lukman padahal dia udah bohongin aku,Friend,Featured
Nolak ajakan bolos dari Geng Rian demi nemenin Zaki belajar,Friend,Featured
Bantuin Hana yang kakinya keseleo jalan ke UKS,Friend,Exceptional
Senyum ke adik kelas yang papasan di tangga,Stranger,Standard
Ngangguk sopan pas lewat depan kakak kelas,Stranger,Standard
Geser duduk di kantin biar anak kelas lain bisa duduk,Stranger,Standard
Bilang permisi pas lewat gerombolan kakak kelas,Stranger,Standard
Nahan pintu biar gak ngejepret anak yang mau masuk di belakang,Stranger,Standard
Ngambilin pulpen jatuh punya anak kelas sebelah,Stranger,Standard
Gak nyerobot antrian wudhu walau adik kelas yang antri,Stranger,Standard
Ngasih jalan buat kakak kelas yang bawa tumpukan buku,Stranger,Standard
Minjemin tip-x ke anak kelas lain yang lagi tes di ruanganku,Stranger,Standard
Jawab salam dari adik kelas yang gak aku kenal,Stranger,Standard
Ngasih tau anak kelas 7 kalau dasinya miring,Stranger,Standard
Gak mandang sinis ke anak baru yang lewat,Stranger,Standard
Bantuin neken tombol dispenser buat anak kecil,Stranger,Standard
Ngasih info jam berapa sekarang ke orang yang nanya,Stranger,Standard
Bilang makasih ke kakak OSIS yang jagain gerbang,Stranger,Standard
Mungut sampah jajanan orang lain yang jatuh di koridor,Stranger,Standard
Nunjukin arah toilet ke tamu sekolah yang bingung,Stranger,Standard
Gak sengaja nabrak adik kelas terus minta maaf,Stranger,Standard
Ngasih tau ada barang ketinggalan punya anak kelas 8,Stranger,Standard
Bantuin bapak satpam dorong gerbang sekolah,Stranger,Standard
Senyum ke ibu kantin pas beli gorengan,Stranger,Standard
Ngasih tempat berteduh ke anak kelas lain pas hujan,Stranger,Standard
Gak ngetawain anak kelas lain yang dihukum guru,Stranger,Standard
Ngambilin bola basket yang nyasar ke pinggir lapangan,Stranger,Standard
Negur sopan adik kelas yang lari-larian di perpus,Stranger,Standard
Ngasih tau anak kelas sebelah kalau sepatunya belum diiket,Stranger,Standard
Bantuin ibu pembersih sekolah ngangkat tong sampah,Stranger,Standard
Gak buang sampah sembarangan biar gak ngeberatin petugas,Stranger,Standard
Sabar nunggu giliran cuci tangan di wastafel,Stranger,Standard
Ngembaliin piring kotor sendiri ke ibu kantin,Stranger,Standard
Bilang 'mari pak' pas lewat depan guru piket yang gak ngajar aku,Stranger,Standard
Ngasih tau anak kelas lain kalau kerannya lupa dimatiin,Stranger,Standard
Bantuin anak ekskul lain gelar tikar,Stranger,Standard
Minjemin sandal wudhu ke orang yang mau sholat,Stranger,Standard
Gak berisik pas lewat kelas lain yang lagi ulangan,Stranger,Standard
Nutup pintu kelas orang lain yang kebuka tiup angin,Stranger,Standard
Matiin lampu kamar mandi sekolah setelah dipake orang lain,Stranger,Standard
Rapihin sajadah mushola yang abis dipake orang gak dikenal,Stranger,Standard
Bantuin anak kelas 7 bawa mading kelas yang berat,Stranger,Standard
Ngasih tau anak kelas 9 kalau ada guru killer menuju kelas,Stranger,Standard
Nunjukin letak ruang TU ke wali murid yang nyasar,Stranger,Standard
Senyum ramah ke tamu undangan sekolah,Stranger,Standard
Gak main serobot antrian jajan di koperasi,Stranger,Standard
Bantuin mungut kertas ulangan anak lain yang terbang kena angin,Stranger,Standard
Geser motor di parkiran biar motor orang lain bisa keluar,Stranger,Standard
Nahan lift/pintu biar guru yang bawa barang bisa masuk,Stranger,Standard
Bantuin anak PMR tandu orang pingsan (walau gak kenal),Stranger,Standard
Ngasih tau anak kelas lain kalau resleting tasnya kebuka,Stranger,Standard
Gak ngalangin jalan di koridor sempit pas jam bubar,Stranger,Standard
Bilang 'hati-hati' ke orang yang hampir kepeleset,Stranger,Standard
Nunjukin ruang kelas ke murid baru yang kelihatan bingung,Stranger,Exceptional
Bantuin adik kelas yang jatuh dari sepeda pas pulang sekolah,Stranger,Exceptional
Minjemin payung ke anak kelas lain yang kehujanan sendirian,Stranger,Exceptional
Bantuin kakak kelas beresin dekorasi panggung pensi,Stranger,Exceptional
Nganterin anak nyasar nemuin guru piket,Stranger,Exceptional
Bantuin ibu kantin ngitung uang kembalian pas rame,Stranger,Exceptional
Ngasih minum ke peserta lomba dari sekolah lain yang kehausan,Stranger,Exceptional
Bantuin anak kelas sebelah nyari kontak lensanya yang jatuh,Stranger,Exceptional
Nolongin kucing sekolah yang kejebak di selokan,Junk,Exceptional
Bersihin tumpahan minuman orang lain biar gak ada yang kepeleset,Stranger,Exceptional
Bantuin tukang kebun nyabutin rumput liar pas jam kosong,Stranger,Exceptional
Minjemin kalkulator ke kakak kelas yang lagi ujian fisika,Stranger,Exceptional
Ngajarin anak kelas 7 cara pake dasi yang bener,Stranger,Exceptional
Bantuin anak ekskul tetangga angkat sound system,Stranger,Exceptional
Jelasin materi ke anak kelas lain yang nanya di perpus,Stranger,Exceptional
Bantuin nyebrangin nenek-nenek di depan gerbang sekolah,Stranger,Exceptional
Beli dagangan anak kelas lain buat larisin (support),Stranger,Exceptional
Nemenin anak baru makan di kantin biar gak sendirian,Stranger,Exceptional
Bantuin guru tamu bawa laptop ke ruang multimedia,Stranger,Exceptional
Ngasih tisu ke anak kelas lain yang lagi nangis di taman,Stranger,Exceptional
Bantuin dorong motor anak sekolah lain yang mogok,Stranger,Exceptional
Mungut paku di lapangan biar gak kena sepatu orang,Stranger,Exceptional
Ngasih tempat duduk di angkot buat ibu hamil/lansia,Stranger,Exceptional
Bagi masker cadangan ke orang yang gak bawa,Stranger,Exceptional
Bantuin nyari kunci motor kakak kelas yang ilang di parkiran,Stranger,Exceptional
Balikin dompet yang nemu di kantin ke ruang guru (Jujur),Stranger,Featured
Ngebela adik kelas yang dipalak sama preman sekolah,Stranger,Featured
Berani lapor guru pas liat ada anak kelas lain dibully di WC,Stranger,Featured
Balikin HP mahal yang ketinggalan di bangku taman,Stranger,Featured
Misahin anak sekolah lain yang lagi mau tawuran,Stranger,Featured
Nolongin korban kecelakaan di depan sekolah sampe medis dateng,Stranger,Featured
Ngumpulin donasi buat korban bencana (orang gak dikenal),Stranger,Featured
Donor darah sukarela di sekolah buat stok PMI,Stranger,Featured
Nganterin anak kecil yang nangis kehilangan ortunya pas ambil rapot,Stranger,Featured
Ngelindungin murid baru yang diejek karena logat bicaranya,Stranger,Featured
Jujur ngaku ngerusakin barang sekolah walau gak ada yang liat,Stranger,Featured
Bersihin mushola sekolah sendirian tanpa disuruh guru,Stranger,Featured
Ngasih uang saku sendiri buat pengemis tua di jalan pulang,Stranger,Featured
Bantuin orang buta nyebrang jalan raya yang rame banget,Stranger,Featured
Nolongin anak kelas lain yang asma/pingsan saat upacara,Stranger,Featured
Balikin uang kembalian kantin yang kelebihan (Jujur),Stranger,Featured
Berani negur gerombolan cowok yang catcalling siswi lewat,Stranger,Featured
Mungut pecahan kaca di jalan biar ban orang gak bocor,Stranger,Featured
Bantuin padamkan api kecil di tempat sampah sekolah,Stranger,Featured
Nolak diajak nyoret-nyoret tembok sekolah (Vandalisme),Stranger,Featured
Jaga kebersihan toilet umum sekolah kayak toilet sendiri,Stranger,Featured
Ngasih bekel makan siang ke pemulung yang lewat depan sekolah,Stranger,Featured
Bantuin anak disabilitas dari kelas lain naik tangga,Stranger,Featured
Balikin kartu pelajar orang lain yang ditemuin di jalan,Stranger,Featured
Tetap sopan sama orang yang marah-marah gak jelas (Sabar),Stranger,Featured
Senyum tipis pas papasan sama dia yang sinis,Enemy,Standard
Gak bales sindiran dia di story WA,Enemy,Standard
Biarin aja dia ngomongin aku di belakang,Enemy,Standard
Tetep nyapa sopan walau dia buang muka,Enemy,Standard
Gak ikut-ikutan ngejelekin dia ke orang lain,Enemy,Standard
Nahan diri buat gak ngelabrak balik,Enemy,Standard
Apus chat kasar dia tanpa dibales biar gak ribut,Enemy,Standard
Gak kepancing emosi pas dia nyenggol bahu,Enemy,Standard
Block akun sosmed dia demi ketenangan hati,Enemy,Standard
Bilang 'permisi' pas lewat depan geng dia,Enemy,Standard
Balikin barang dia yang ketinggalan lewat temennya,Enemy,Standard
Gak nyebarin aib dia walau aku tau rahasianya,Enemy,Standard
Diem aja pas dia pamer nilai di depan mukaku,Enemy,Standard
Menghindar biar gak ketemu dia di kantin,Enemy,Standard
Gak dendam walau dia pernah nikung gebetanku,Enemy,Standard
Tetep hormat pas dia jadi pemimpin upacara,Enemy,Standard
Gak ngetawain pas dia dihukum guru di depan kelas,Enemy,Standard
Sabar pas dituduh yang enggak-enggak sama dia,Enemy,Standard
Gak ngerusakin barang dia walau lagi kesel banget,Enemy,Standard
Doain dalam hati semoga dia cepet sadar,Enemy,Standard
Gak ngadu ke guru walau dia gangguin aku dikit,Enemy,Standard
Tetep tenang pas dia teriak-teriak ngeledek nama ortu,Enemy,Standard
Gak ngajak temen lain buat musuhin dia juga,Enemy,Standard
Jaga jarak aman biar gak berantem sama dia,Enemy,Standard
Gak bales tatapan melotot dia,Enemy,Standard
Lupain kata-kata kasar dia tadi pagi,Enemy,Standard
Anggap angin lalu pas dia bisik-bisikin aku,Enemy,Standard
Gak bales nyoret meja dia,Enemy,Standard
Tetep fokus belajar walau dia berisik nyindir,Enemy,Standard
Gak nge-kick dia dari grup kelas,Enemy,Standard
Terima aja pas dia gak mau sekelompok sama aku,Enemy,Standard
Gak ngejek fisik dia balik,Enemy,Standard
Nutup kuping pas dia ngomong kotor,Enemy,Standard
Sabar nunggu dia selesai make wastafel lama banget,Enemy,Standard
"Gak rebutan tempat duduk sama dia, aku ngalah",Enemy,Standard
Tetep bilang makasih pas dia balikin pulpen (dilempar),Enemy,Standard
Gak nyindir balik lewat lagu di story IG,Enemy,Standard
Hapus foto aib dia dari galeri hp,Enemy,Standard
Gak ngambil kesempatan buat jatuhin dia pas dia salah,Enemy,Standard
Biasa aja pas liat dia dapet juara kelas,Enemy,Standard
Gak ngasut temen buat benci sama dia,Enemy,Standard
Milih diem daripada debat gak penting sama dia,Enemy,Standard
Gak nyari masalah sama kakak kelas yang rese,Enemy,Standard
Tetep sopan walau dia nyolot,Enemy,Standard
Sabar pas dia minjem barang gak bilang-bilang,Enemy,Standard
Maafin dia yang ngilangin penghapusku,Enemy,Standard
Gak bales dendam walau ada kesempatan,Enemy,Standard
Senyumin aja pas dia pamer HP baru,Enemy,Standard
Istighfar dalam hati pas liat kelakuan dia,Enemy,Standard
Ngucapin selamat pas dia menang lomba (walau berat hati),Enemy,Exceptional
Minjemin pulpen ke dia pas dia gak bawa alat tulis ujian,Enemy,Exceptional
Ngasih tau materi ulangan ke dia yang gak masuk kemarin,Enemy,Exceptional
Minta maaf duluan padahal aku gak salah-salah amat,Enemy,Exceptional
Ngajak dia salaman duluan pas lebaran/maaf-maafan,Enemy,Exceptional
Bantuin dia piket kelas karena temen piketnya gak ada,Enemy,Exceptional
Ngasih kue ultah potong ke dia pas aku traktir sekelas,Enemy,Exceptional
Nanyain kabar dia pas dia baru sembuh sakit,Enemy,Exceptional
Ngasih contekan PR ke dia biar dia gak dihukum (kasian),Enemy,Exceptional
Nge-like foto dia di IG sebagai tanda damai,Enemy,Exceptional
Ngajak dia masuk kelompokku karena dia gak dapet kelompok,Enemy,Exceptional
Minjemin catetan lengkap ke dia buat difotokopi,Enemy,Exceptional
Ngebukain pintu buat dia yang lagi bawa banyak buku,Enemy,Exceptional
Ngasih tisu ke dia pas dia nangis di pojokan,Enemy,Exceptional
Bilang 'hati-hati' pas dia mau kesandung,Enemy,Exceptional
Bantuin dia nyari kunci motornya yang ilang,Enemy,Exceptional
Nolak diajak orang lain buat ngerjain/prank dia,Enemy,Exceptional
Belain dia pas dia dituduh nyuri padahal enggak,Enemy,Exceptional
Muji hasil gambar dia yang emang bagus,Enemy,Exceptional
Ngasih jawaban soal susah pas dia nanya baik-baik,Enemy,Exceptional
Bantuin dia bersihin tumpahan minumannya,Enemy,Exceptional
Ngasih tumpangan payung pas hujan deres walau canggung,Enemy,Exceptional
Beli dagangan dia buat bantu larisin,Enemy,Exceptional
Follow back akun IG dia,Enemy,Exceptional
Ngajak ngobrol duluan buat cairin suasana,Enemy,Exceptional
Nolongin dia pas jatoh dari motor di parkiran,Enemy,Featured
Nganterin dia pulang ke rumahnya pas dia sakit di sekolah,Enemy,Featured
Ngebela dia mati-matian pas dia dibully geng lain,Enemy,Featured
Bener-bener maafin kesalahan fatal dia di masa lalu,Enemy,Featured
Ngajak damai dan mutusin buat jadi temen biasa,Enemy,Featured
Jujur bilang ke guru kalau ide bagus itu punya dia (bukan aku),Enemy,Featured
Ngasih kado tulus pas dia ulang tahun,Enemy,Featured
Jenguk dia di rumah sakit bawain buah tangan,Enemy,Featured
Ngebantu dia belajar privat biar dia lulus ujian,Enemy,Featured
Nyelamatin dia dari hukuman berat guru BK,Enemy,Featured
Rela dihukum bareng dia demi solidaritas kelas,Enemy,Featured
Ngasih semangat tulus pas dia gagal seleksi,Enemy,Featured
Berani ngaku salah dan minta maaf secara jantan di depan dia,Enemy,Featured
Ngajak dia makan bareng di kantin pas dia sendirian,Enemy,Featured
Bayarin angkot dia pas dompetnya ketinggalan,Enemy,Featured
Ngerjain tugas bareng dia tanpa berantem sama sekali,Enemy,Featured
Klarifikasi ke semua orang kalau rumor jelek tentang dia itu hoax,Enemy,Featured
Meluk dia pas dia lagi down banget masalah keluarga,Enemy,Featured
Ngasih pinjem HP ke dia buat nelpon ortunya,Enemy,Featured
Milih dia jadi ketua kelompok karena dia mampu,Enemy,Featured
Ngasih kesempatan kedua buat dia jadi sahabat lagi,Enemy,Featured
Nolongin dia ngerjain deadline tugas akhir biar kelar,Enemy,Featured
Donorin darah buat dia pas dia butuh urgent,Enemy,Featured
Sholatin jenazah orang tuanya dan ngelayat ke rumahnya,Enemy,Featured
Menghapus rasa benci sepenuhnya dan ganti jadi rasa sayang sesama teman,Enemy,Featured
asdfghjkl,Junk,Standard
tes 123,Junk,Standard
p,Junk,Standard
y,Junk,Standard
gatau,Junk,Standard
wkwkwkwk,Junk,Standard
gabut banget,Junk,Standard
halo,Junk,Standard
...,Junk,Standard
hmmmm,Junk,Standard
gak ada ide,Junk,Standard
males ngetik,Junk,Standard
coba doang,Junk,Standard
random,Junk,Standard
akwoakwoak,Junk,Standard
zzzzzz,Junk,Standard
!@#$%^&*,Junk,Standard
info mabar,Junk,Standard
follow ig gw ya,Junk,Standard
jual akun ml murah,Junk,Standard
promo joki tugas,Junk,Standard
subscribe channel ku,Junk,Standard
spam spam spam,Junk,Standard
bodo amat,Junk,Standard
gak jelas lu,Junk,Standard
anjir,Junk,Standard
bego,Junk,Standard
tolol,Junk,Standard
bacot,Junk,Standard
anjing,Junk,Standard
bangsat,Junk,Standard
tai,Junk,Standard
mampus lu,Junk,Standard
dasar lemah,Junk,Standard
jelek banget muka lu,Junk,Standard
gak guna,Junk,Standard
cupu,Junk,Standard
alay,Junk,Standard
norak,Junk,Standard
kampungan,Junk,Standard
sok asik,Junk,Standard
sok pinter,Junk,Standard
woi minggir,Junk,Standard
awas lu ya,Junk,Standard
gw tunggu di gerbang,Junk,Standard
ribut sini,Junk,Standard
gelut yuk,Junk,Standard
nyontek pas ulangan,Junk,Standard
bolos sekolah,Junk,Standard
cabut ke warnet,Junk,Standard
ngerokok di wc sekolah,Junk,Standard
maling pulpen temen,Junk,Standard
bohongin guru,Junk,Standard
mecahin kaca jendela,Junk,Standard
coret-coret meja,Junk,Standard
buang sampah sembarangan,Junk,Standard
nendang kucing,Junk,Standard
ngerusak tanaman sekolah,Junk,Standard
nyembunyiin sepatu temen,Junk,Standard
ngambil uang kas kelas,Junk,Standard
nipu temen,Junk,Standard
fitnah orang,Junk,Standard
ngomongin orang di belakang,Junk,Standard
gibah dosa,Junk,Standard
tidur pas pelajaran,Junk,Standard
main hp pas diterangin guru,Junk,Standard
ngelawan ortu,Junk,Standard
ngebentak guru,Junk,Standard
gak ngerjain pr,Junk,Standard
lupa bawa buku,Junk,Standard
telat sekolah,Junk,Standard
gak pake dasi,Junk,Standard
sepatu warna warni,Junk,Standard
rambut gondrong,Junk,Standard
baju dikeluarin,Junk,Standard
kaos kaki pendek,Junk,Standard
gak bawa topi upacara,Junk,Standard
makan,Junk,Standard
minum,Junk,Standard
tidur,Junk,Standard
main,Junk,Standard
jalan,Junk,Standard
lari,Junk,Standard
duduk,Junk,Standard
berdiri,Junk,Standard
nafas,Junk,Standard
liat,Junk,Standard
denger,Junk,Standard
senyum doang,Junk,Standard
ketawa,Junk,Standard
nangis,Junk,Standard
marah,Junk,Standard
bete,Junk,Standard
capek,Junk,Standard
laper,Junk,Standard
haus,Junk,Standard
ngantuk,Junk,Standard
pusing,Junk,Standard
Nonton tutorial masak di youtube buat praktek sendiri,Self,Standard
Menonton film dokumenter sejarah biar nambah wawasan,Self,Standard
Siram tanaman kaktus di kamar biar seger,Self,Standard
Menyiram bunga di halaman pagi-pagi hitung-hitung olahraga,Self,Standard
Scroll pinterest cari inspirasi outfit besok,Self,Standard
Dengerin podcast horror pas lagi ngerjain tugas,Self,Standard
Bikin playlist lagu galau buat nemenin tidur,Self,Standard
Hapus file sampah di hp biar memori lega,Self,Standard
Unfollow akun gosip yang bikin mood jelek,Self,Standard
Ganti wallpaper hp jadi gambar motivasi,Self,Standard
Pake sunscreen sebelum keluar rumah biar gak belang,Self,Standard
Reapply sunscreen tiap 3 jam sekali,Self,Standard
Pake lipbalm biar bibir gak kering pecah-pecah,Self,Standard
Maskeran pake bahan alami buatan sendiri,Self,Standard
Minum infused water lemon biar sehat,Self,Standard
Bikin kopi susu sendiri ala cafe hemat budget,Self,Standard
Makan oatmeal buat sarapan pengganti nasi uduk,Self,Standard
Kurangin gula hari ini gak beli minuman manis,Self,Standard
Stretching badan bentar abis duduk lama main game,Self,Standard
Jalan kaki 10 ribu langkah hari ini,Self,Standard
Ngerapihin kabel charger yang kusut di meja,Self,Standard
Lap layar laptop yang udah berdebu,Self,Standard
Bersihin casing hp pake tisu basah,Self,Standard
Nata ulang icon aplikasi di hp biar estetik,Self,Standard
Hapus email spam yang numpuk di inbox,Self,Standard
Matikan notifikasi hp pas lagi butuh fokus,Self,Standard
Mode pesawat pas tidur biar gak keganggu,Self,Standard
Charge hp sampe penuh sebelum dipake pergi,Self,Standard
Beli kuota pas ada promo biar irit uang jajan,Self,Standard
Update aplikasi di hp biar gak lemot,Self,Standard
Nonton review gadget sebelum mutusin beli,Self,Standard
Cari tutorial editing video capcut di tiktok,Self,Standard
Belajar dance kpop dari youtube sendirian di kamar,Self,Standard
Nyobain filter instagram baru yang lucu,Self,Standard
Foto ootd di cermin buat kenang-kenangan sendiri,Self,Standard
Arsipin foto mantan di ig biar move on,Self,Standard
Ganti bio instagram jadi lebih simple,Self,Standard
Bikin highlight story momen liburan kemaren,Self,Standard
Nonton live streamer game favorit bentar,Self,Standard
Checkout barang wishlist shopee pas tanggal kembar,Self,Standard
Bandingin harga barang di tokped sama shopee biar hemat,Self,Standard
Baca thread horor di twitter pas gabut,Self,Standard
Nulis tweet sambat di akun second biar lega,Self,Standard
Dengerin asmr hujan biar cepet tidur,Self,Standard
Nonton mukbang pas lagi gak nafsu makan,Self,Standard
Mandi pake sabun wangi aromaterapi,Self,Standard
Keramas pake hairmask biar rambut lembut,Self,Standard
Potong poni sendiri modal tutorial youtube,Self,Standard
Eksfoliasi wajah biar komedo ilang,Self,Standard
Pake body lotion sebelum tidur di ruangan ber-AC,Self,Standard
Digital detox 2 jam tanpa pegang hp sama sekali,Self,Exceptional
Workout 15 menit ngikutin video chloe ting,Self,Exceptional
Meditasi pagi 5 menit pake aplikasi headspace,Self,Exceptional
Baca buku self-improvement atomic habits 10 halaman,Self,Exceptional
Belajar bahasa korea dasar di duolingo rutin tiap hari,Self,Exceptional
Nyatet pengeluaran harian di aplikasi keuangan,Self,Exceptional
Bikin meal plan sehat buat seminggu ke depan,Self,Exceptional
Declutter lemari baju sumbangin yang gak kepake,Self,Exceptional
Bersihin makeup tools kuas dan spons biar higienis,Self,Exceptional
Ganti password sosmed secara berkala biar aman,Self,Exceptional
Latihan public speaking depan cermin biar makin pede,Self,Exceptional
Belajar skill baru desain grafis pake canva,Self,Exceptional
Nulis jurnal mimpi pas bangun tidur,Self,Exceptional
Solat tepat waktu gak ditunda-tunda,Self,Exceptional
Puasa senin kamis buat kesehatan badan dan rohani,Self,Exceptional
Jogging sore keliling komplek sambil denger lagu,Self,Exceptional
Renang seminggu sekali buat nambah tinggi badan,Self,Exceptional
Makan buah potong daripada jajan ciki,Self,Exceptional
Bawa botol minum sendiri (tumbler) kemana-mana,Self,Exceptional
Jalan kaki ke sekolah hitung-hitung cardio,Self,Exceptional
Nabung target 500rb buat beli skincare impian,Self,Exceptional
Ngerjain pr jauh hari biar gak sistem kebut semalam,Self,Exceptional
Review materi les biar gak lupa,Self,Exceptional
Latihan soal utbk satu paket walau masih kelas 10,Self,Exceptional
Ikut webinar gratis buat nambah sertifikat,Self,Exceptional
Validasi perasaan diri sendiri kalau lagi sedih itu wajar,Self,Featured
Berhenti ngebandingin progress diri sama pencapaian orang lain di sosmed,Self,Featured
Berani bilang tidak ke ajakan teman yang boros,Self,Featured
Cut off hubungan sama orang yang bawa pengaruh buruk (toxic),Self,Featured
Maafin diri sendiri karena hari ini kurang produktif,Self,Featured
Ngomong hal positif ke diri sendiri (positive self-talk) pas lagi gagal,Self,Featured
Nulis gratitude journal: 3 hal kecil yang disyukuri hari ini,Self,Featured
Me time berkualitas: pergi ke museum atau perpus sendirian,Self,Featured
Belajar mencintai kekurangan fisik diri sendiri (body positivity),Self,Featured
Berani tampil tanpa filter kamera yang berlebihan,Self,Featured
Istirahat total tanpa ngerasa bersalah (guilty feeling),Self,Featured
Ngerayain pencapaian kecil kayak berhasil bangun pagi,Self,Featured
Fokus ke hal yang bisa dikontrol daripada overthinking masa depan,Self,Featured
Ngapresiasi usaha diri sendiri walau hasilnya belum sempurna,Self,Featured
Menjaga privasi diri dengan gak umbar masalah pribadi di story,Self,Featured
Berani minta bantuan profesional (psikolog) kalau mental lagi gak baik,Self,Featured
Menyaring konten sosmed yang dikonsumsi biar otak tetap waras,Self,Featured
Punya prinsip hidup sendiri gak cuma ikut-ikutan tren viral,Self,Featured
Investasi leher ke atas (beli buku/kursus) pake uang tabungan sendiri,Self,Featured
Konsisten ngejar mimpi walau diketawain orang lain,Self,Featured
Berani ambil risiko ikut lomba walau takut kalah,Self,Featured
Jujur sama diri sendiri tentang apa yang sebenernya dimau,Self,Featured
Menghargai proses belajar daripada hasil instan,Self,Featured
Menjaga lisan dan komentar di internet biar gak nyakitin orang (digital ethics),Self,Featured
Bersyukur masih dikasih napas dan kesehatan hari ini,Self,Featured
Ngasih love di story instagram bestie biar dia seneng,Friend,Standard
Reply story close friend dia pake kata-kata support,Friend,Standard
Ngetag temen di giveaway biar menang bareng,Friend,Standard
Bantuin temen take video tiktok buat tugas sekolah,Friend,Standard
Komen 'menyala abangku' di postingan prestasi temen,Friend,Standard
Like postingan jualan temen biar engagement naik,Friend,Standard
Share info lomba e-sport ke grup mabar,Friend,Standard
Ngasih hotspot ke temen yang kehabisan kuota pas urgent,Friend,Standard
Pinjemin powerbank ke temen yang hp-nya lowbat parah,Friend,Standard
Nungguin temen bales chat tanpa spam 'p',Friend,Standard
Gak cepu soal rahasia temen di second account,Friend,Standard
Nemenin temen live ig biar ada yang nonton,Friend,Standard
Bantuin voting temen yang ikut lomba foto like terbanyak,Friend,Standard
Ngasih tau wifi password sekolah ke temen baru,Friend,Standard
Join discord temen buat nemenin dia gabut,Friend,Standard
Mabar mobile legends rank bareng sampe menang,Friend,Standard
Ngasih item ingame gratis ke temen (gift skin),Friend,Standard
Nungguin temen login game sabar gak ninggalin,Friend,Standard
Revive temen yang knock pas main pubg,Friend,Standard
Cover in temen pas lagi war di game biar gak mati,Friend,Standard
Gak toxic ke temen pas dia mainnya noob/lag,Friend,Standard
Ngasih saran build item hero biar temen makin jago,Friend,Standard
Ngasih tau lokasi musuh (info) pas main bareng,Friend,Standard
Share link zoom meeting ke temen yang ketinggalan info,Friend,Standard
Screenshot jadwal pelajaran kirim ke temen yang lupa,Friend,Standard
Ingetin temen buat presensi online biar gak alpa,Friend,Standard
Bantuin temen cari filter ig yang bagus,Friend,Standard
Ngajak temen bikin spotify blend biar seru,Friend,Standard
Nonton bareng (nobar) film via teleparty/discord,Friend,Standard
Checkout-in barang temen pake akun prime biar bebas ongkir,Friend,Standard
Bantuin temen milih outfit buat first date,Friend,Standard
Puji outfit temen hari ini 'kece parah',Friend,Standard
Gak ngetawain temen yang salah kirim stiker di grup,Friend,Standard
Bantuin temen unboxing paket yang baru dateng,Friend,Standard
Ngasih tau ada diskon flash sale makanan ke grup,Friend,Standard
Pesenin ojol buat temen yang gak ada aplikasi,Friend,Standard
Share loc posisi kita biar temen gak nyasar,Friend,Standard
Ngasih tau review jujur soal skincare biar temen gak boncos,Friend,Standard
Pinjemin akun netflix bentar buat temen nonton,Friend,Standard
Bantuin temen ngedit foto pake lightroom biar aesthetic,Friend,Standard
Video call nemenin temen yang lagi isolasi mandiri/sakit,Friend,Standard
Sleepcall nemenin temen yang takut tidur sendirian,Friend,Standard
Dengerin voice note curhat temen durasi 5 menit full,Friend,Standard
Gercep bales chat temen yang lagi butuh bantuan,Friend,Standard
Gak ghosting temen pas lagi janjian main,Friend,Standard
Ngasih tau temen kalau mic zoom-nya bocor pas kelas,Friend,Standard
Record materi kelas online buat temen yang sinyalnya jelek,Friend,Standard
Bantuin temen bikin caption ig yang keren,Friend,Standard
Gak posting foto aib temen tanpa izin (consent),Friend,Standard
Hapus foto yang ada temennya kalau dia minta hapus,Friend,Standard
Nemenin bestie nangis seharian gara-gara diputusin pacar,Friend,Exceptional
Bikinin playlist lagu galau buat temen biar lega,Friend,Exceptional
Nemenin temen cari kado buat ortunya muter-muter mall,Friend,Exceptional
Bantuin temen ngerjain tugas video editing sampe begadang,Friend,Exceptional
Ngajarin materi coding python ke temen yang gaptek,Friend,Exceptional
Jadi admin grup kelas yang rajin share info valid,Friend,Exceptional
Ngedit desain poster kelompok sendirian biar temen lain bisa istirahat,Friend,Exceptional
Ngasih surprise box isi jajan pas temen ulang tahun,Friend,Exceptional
Bayarin temen nonton bioskop pas dia lagi bokek,Friend,Exceptional
Nganterin temen pulang malem karena gak dapet ojol,Friend,Exceptional
Bantuin temen pindahan kosan/beres-beres kamar,Friend,Exceptional
Masakin bekal estetik buat dimakan bareng temen di sekolah,Friend,Exceptional
Nemenin temen casting/audisi biar dia gak gugup,Friend,Exceptional
Bantuin temen jualan risol di sekolah biar laris,Friend,Exceptional
Promosiin dagangan temen di story ig sendiri secara sukarela,Friend,Exceptional
Bantuin temen nyari kucingnya yang ilang seharian,Friend,Exceptional
Ngasih contekan rangkuman materi buatan sendiri (bukan jawaban ujian),Friend,Exceptional
Jelasin ulang penjelasan guru yang ribet pake bahasa santai,Friend,Exceptional
Nemenin temen ke uks dan nungguin sampe dijemput,Friend,Exceptional
Bantuin temen pasang senar gitar/alat musik,Friend,Exceptional
Jadi fotografer dadakan buat temen sampe dapet angle bagus,Friend,Exceptional
Sabar ngajarin temen main game dari nol sampe bisa,Friend,Exceptional
Patungan beli akun premium biar lebih hemat bareng temen,Friend,Exceptional
Ngasih pinjem laptop ke temen buat ngerjain tugas akhir,Friend,Exceptional
Nyemangatin temen yang gagal sbmptn/utbk biar bangkit lagi,Friend,Exceptional
Jadi support system pas temen lagi kena mental breakdown,Friend,Featured
Validasi perasaan temen tanpa nge-judge "ah gitu doang lemah",Friend,Featured
Berani speak up belain temen yang di-bully di media sosial (cyberbullying),Friend,Featured
Nemenin temen ke psikolog/konselor buat konsultasi masalah mental,Friend,Featured
Gak ninggalin temen pas dia lagi di cancel satu sekolah (cancel culture),Friend,Featured
Jujur negur temen yang mulai toxic atau red flag demi kebaikan dia,Friend,Featured
Meluk temen (virtual/langsung) yang lagi panic attack,Friend,Featured
Ngajak temen healing ke alam pas dia stress berat,Friend,Featured
Bantuin temen laporin akun fake yang nyebar fitnah tentang dia,Friend,Featured
Rahasiain aib keluarga temen rapat-rapat (trustworthy),Friend,Featured
Memaafkan temen yang udah backstabber (tusuk belakang) dan kasih kesempatan,Friend,Featured
Ngumpulin donasi dari circle buat bantu ortu temen yang sakit keras,Friend,Featured
Rela cuti/bolos les demi nemenin temen yang lagi berduka,Friend,Featured
Ngasih pinjem uang tabungan sendiri buat temen yang butuh darurat,Friend,Featured
Bantuin temen keluar dari toxic relationship sama pacarnya,Friend,Featured
Ngeyakinin temen yang insecure parah kalau dia itu berharga (worth it),Friend,Featured
Hapus jejak digital buruk temen di masa lalu,Friend,Featured
Berhenti temenan sama orang yang jahatin bestie kita (solidaritas),Friend,Featured
Ngasih kado tiket konser idola temen dari uang tabungan sendiri,Friend,Featured
Jadi pendengar setia pas temen coming out atau cerita rahasia besar,Friend,Featured
Tetap temenan sama dia walau status sosial/ekonomi kita beda jauh,Friend,Featured
Ngasih tumpangan tinggal di rumah pas temen kabur dari rumah karena KDRT,Friend,Featured
Bantuin temen difabel akses fasilitas umum yang gak ramah,Friend,Featured
Belajar bahasa isyarat demi bisa ngobrol deep sama temen tuli,Friend,Featured
Selalu ada buat temen bukan cuma pas seneng tapi pas susah juga (real ones),Friend,Featured
Minjemin tipe-x ke Rizky pas ujian,Friend,Standard
Nungguin Alya di depan gerbang sekolah,Friend,Standard
Bagi bekal nasi goreng ke Dimas,Friend,Standard
Ngasih tau halaman tugas ke Kevin lewat chat,Friend,Standard
Nemenin Sarah ke toilet bentar,Friend,Standard
Like postingan foto liburan Jessica,Friend,Standard
Bantuin Fauzan hapus papan tulis,Friend,Standard
Ucapin hbd ke Nanda pas jam 12 malem,Friend,Standard
Minjemin pulpen ke Bayu yang lupa bawa,Friend,Standard
Nanyain kabar Tiara yang gak masuk sekolah,Friend,Standard
Ngasih tau Fajar kalau ada pr matematika,Friend,Standard
Ngebangunin Gilang yang ketiduran di kelas,Friend,Standard
Bawain tas Dinda yang lagi sakit perut,Friend,Standard
Traktir Ilham minum es teh di kantin,Friend,Standard
Ngajak Kenzo ngobrol biar gak sendirian,Friend,Standard
Minjemin catatan sejarah ke Putri buat difotokopi,Friend,Standard
Ngetag Bagas di meme lucu instagram,Friend,Standard
Bantuin Wahyu nyari topinya yang ilang,Friend,Standard
Gak ninggalin Aditya sendirian pas kerja kelompok,Friend,Standard
Ngasih semangat ke Rara yang mau remed,Friend,Standard
Bagi hotspot ke Zayyan buat submit tugas,Friend,Standard
Jaga rahasia Azka soal gebetannya,Friend,Standard
Dengerin cerita Mikayla soal kucingnya,Friend,Standard
Bantuin Arsy beresin buku ke dalem tas,Friend,Standard
Gak ngetawain Gibran pas salah jawab pertanyaan,Friend,Standard
Muji presentasi Bilqis di depan kelas,Friend,Standard
Ingetin Rafli buat balikin buku perpus,Friend,Standard
Nebengin Sinta sampe depan gang rumah,Friend,Standard
Ngambilin sendok buat Budi pas makan bareng,Friend,Standard
Minjemin jaket ke Ani yang kedinginan,Friend,Standard
Bantuin Eko ngiket tali sepatunya,Friend,Standard
Ngasih tau Zahra ada kotoran di bajunya,Friend,Standard
Bantuin Michelle milih baju buat pensi,Friend,Standard
Nemenin Jason nunggu jemputan grab,Friend,Standard
Bagi permen ke Keanu yang ngantuk,Friend,Standard
Nyisihin tempat duduk buat Naura di kantin,Friend,Standard
Bales chat Rasya cepet pas dia butuh info,Friend,Standard
Gak spoiler film ke Amel yang belum nonton,Friend,Standard
Ngajak Rayyan main game bareng pas weekend,Friend,Standard
Nemenin Kenzie ke koperasi beli dasi,Friend,Standard
Bantuin Shakeela masang poster mading,Friend,Standard
Ngasih tau jawaban soal ke Alther (diskusi),Friend,Standard
Ingetin Umar jangan lupa sholat jumat,Friend,Standard
Muji sepatu baru Juna biar dia seneng,Friend,Standard
Bantuin Arkana bawa tumpukan buku paket,Friend,Standard
Gak posting aib Kayla di status wa,Friend,Standard
Ngajak Syifa latihan drama sepulang sekolah,Friend,Standard
Minta maaf duluan ke Akbar kalau salah,Friend,Standard
Ngasih kado coklat ke Vina pas ultah,Friend,Standard
Senyum dan nyapa Rio pas papasan,Friend,Standard
Nemenin Aqila jajan cilok depan sekolah,Friend,Standard
Bantuin Farhan nyari kelompok tugas,Friend,Standard
Minjemin penggaris ke Indah pas pelajaran mtk,Friend,Standard
Nungguin Yoga selesai piket biar pulang bareng,Friend,Standard
Ngasih tisu ke Laras yang lagi flu,Friend,Standard
Bagi air minum ke Reza yang kehausan abis olahraga,Friend,Standard
Ngasih tau Caca kalau rambutnya berantakan,Friend,Standard
Bantuin Aldo angkat meja guru,Friend,Standard
Ngajak Vino ke masjid bareng,Friend,Standard
Minjemin topi ke Rini pas upacara,Friend,Standard
Nemenin Davin ambil motor di parkiran,Friend,Standard
Bantuin Sherly ngerjain dekorasi kelas,Friend,Standard
Ngasih tau Doni kalau resleting tasnya kebuka,Friend,Standard
Bagi info lowongan magang ke Eka,Friend,Standard
Nemenin Fiki beli kado buat ibunya,Friend,Standard
Bantuin Gina nyari antingnya yang jatuh,Friend,Standard
Ngajak Haikal gabung main bola,Friend,Standard
Minjemin payung ke Intan pas hujan deres,Friend,Standard
Ngasih tau Joko kalau ada guru killer,Friend,Standard
Bantuin Kiki bawa perlengkapan pramuka,Friend,Standard
Nemenin Lukman ke ruang guru,Friend,Standard
Bagi camilan ke Maya pas jam kosong,Friend,Standard
Ngasih tau Niki info remedial lewat wa,Friend,Standard
Bantuin Oki ngerapihin meja kelas,Friend,Standard
Ngajak Pandu main basket sore,Friend,Standard
Minjemin charger hp ke Qila,Friend,Standard
Nemenin Raka nambal ban motor bocor,Friend,Standard
Bantuin Salsa bikin video tiktok kelas,Friend,Standard
Ngasih tau Tio jadwal ulangan harian,Friend,Standard
Bantuin Ubay nyari kunci motor yang ilang,Friend,Standard
Ngajak Vanya makan bakso bareng,Friend,Standard
Minjemin buku paket ke Wulan yang ketinggalan,Friend,Standard
Ngasih tau Xavi kalau tali sepatunya lepas,Friend,Standard
Bantuin Yola bawa kerdus air mineral,Friend,Standard
Nemenin Zaki ke uks minta obat pusing,Friend,Standard
Bagi masker cadangan ke Arya,Friend,Standard
Ngasih tau Bella kalau ada pr fisika,Friend,Standard
Bantuin Chandra pasang spanduk acara,Friend,Standard
Ngajak Dafa sholat ashar berjamaah,Friend,Standard
Minjemin uang receh ke Elina buat bayar parkir,Friend,Standard
Nemenin Farel nungguin ojol dateng,Friend,Standard
Bantuin Galih bersihin tumpahan minuman,Friend,Standard
Ngajak Hana ke perpus pas istirahat,Friend,Standard
Minjemin earphone ke Iqbal bentar,Friend,Standard
Ngasih tau Jojo kalau dipanggil guru bk,Friend,Standard
Bantuin Karin bawa barang prakarya,Friend,Standard
Nemenin Leo beli pulsa di konter depan,Friend,Standard
Bagi jawaban teka-teki silang ke Mita,Friend,Standard
Ngajak Naufal main futsal hari minggu,Friend,Standard
Minjemin powerbank ke Olive yang lowbat,Friend,Standard
Bilang terima kasih ke abang kurir yang anter paket,Stranger,Standard
Kasih bintang 5 dan ulasan bagus buat driver ojol,Stranger,Standard
Ngasih tip lebih ke driver ojol pas hujan,Stranger,Standard
Bales chat admin olshop dengan bahasa sopan,Stranger,Standard
Senyum ke kasir minimarket pas bayar belanjaan,Stranger,Standard
Antri dengan tertib di belakang orang lain pas scan barcode pedulilindungi,Stranger,Standard
Geser duduk di KRL biar penumpang lain bisa duduk,Stranger,Standard
Ngasih jalan buat orang yang mau keluar lift duluan,Stranger,Standard
Gak nyerobot antrian toilet umum di mall,Stranger,Standard
Mungut sampah botol orang lain yang gelinding di bioskop,Stranger,Standard
Nahan pintu minimarket buat orang asing di belakang,Stranger,Standard
Tegur sapa 'permisi' pas lewat depan orang tua di jalan,Stranger,Standard
Gak natap sinis ke orang yang penampilannya beda (goth/wibu),Stranger,Standard
Bantu pencet tombol lift buat orang yang bawa banyak barang,Stranger,Standard
Ngasih tau orang asing kalau tali sepatunya lepas,Stranger,Standard
Gak ngetawain orang yang kepeleset di tempat umum,Stranger,Standard
Matikan flash hp pas rekam video di bioskop biar gak ganggu orang,Stranger,Standard
Kecilin volume hp pas nonton tiktok di ruang tunggu umum,Stranger,Standard
Gak ngerokok di deket orang yang lagi makan di warung,Stranger,Standard
Bersihin meja cafe fast food abis makan sendiri (self service),Stranger,Standard
Balikin troli belanja ke tempatnya biar gak ngeribetin petugas,Stranger,Standard
Gak main hp sambil jalan biar gak nabrak orang lain,Stranger,Standard
Bantu orang asing fotoin mereka pas lagi liburan (dimintain tolong),Stranger,Standard
Jawab sopan pas ditanya arah jalan sama orang nyasar,Stranger,Standard
Gak buang struk belanja sembarangan di depan kasir,Stranger,Standard
Sabar nunggu orang lain selesai pake mesin atm,Stranger,Standard
Minggirin motor yang ngalangin jalan di parkiran umum,Stranger,Standard
Gak klakson-klakson orang yang lagi nyebrang jalan,Stranger,Standard
Bantu pegangin pintu toilet buat anak kecil yang mau masuk,Stranger,Standard
Bilang 'maaf' duluan pas gak sengaja nyenggol orang di keramaian,Stranger,Standard
Gak nge-judge selera musik orang lain yang kedengeran bocor dari headset,Stranger,Standard
Bantu ambilin barang di rak tinggi buat orang pendek di supermarket,Stranger,Standard
Ngasih tau pengendara lain kalau lampu sen motornya lupa dimatiin,Stranger,Standard
Tutup mulut pas batuk di tempat umum biar gak nularin virus,Stranger,Standard
Pake masker pas lagi flu di kendaraan umum,Stranger,Standard
Gak taro tas di kursi kosong busway pas lagi rame,Stranger,Standard
Ngasih tau orang kalau standar motornya belum dinaikin,Stranger,Standard
Sopan nolak tawaran sales di mall tanpa bentak,Stranger,Standard
Hargai karya konten kreator random lewat like (bukan temen),Stranger,Standard
Gak spam komen promosi di postingan artis/orang asing,Stranger,Standard
Report akun bot/spam yang ganggu kenyamanan di sosmed,Stranger,Standard
Gak kirim pesan aneh (DM) ke orang yang gak dikenal,Stranger,Standard
Komen positif 'keren kak' di video fyp orang asing,Stranger,Standard
Bantu jawab pertanyaan orang di kolom komentar tiktok (tutorial),Stranger,Standard
Gak toxic ke random player pas main game online (pub match),Stranger,Standard
Kasih 'GG' (Good Game) ke lawan main di game walau gak kenal,Stranger,Standard
Ngasih like ke review orang yang ngebantu banget di shopee/gmaps,Stranger,Standard
Gak nyebar nomor hp orang asing sembarangan di grup,Stranger,Standard
Hargai privasi orang lain dengan gak rekam muka mereka diem-diem,Stranger,Standard
Bantu report komentar hate speech di akun orang lain,Stranger,Standard
Ngasih uang parkir lebih ke tukang parkir tua,Stranger,Exceptional
Bantu nyebrangin anak kecil atau lansia di jalan raya,Stranger,Exceptional
Beli dagangan pedagang kaki lima yang sepi pembeli (larisin),Stranger,Exceptional
Ngasih minum ke kurir paket yang nganter pas panas terik,Stranger,Exceptional
Bantuin ibu-ibu angkat barang belanjaan berat ke motornya,Stranger,Exceptional
Ngasih tau kasir kalau kembaliannya kelebihan (jujur),Stranger,Exceptional
Minjemin helm cadangan ke orang yang nebeng jarak dekat,Stranger,Exceptional
Bantu dorong motor orang asing yang mogok di jalan,Stranger,Exceptional
Nunjukin jalan ke turis asing pake bahasa inggris sebisanya,Stranger,Exceptional
Ngasih tisu ke orang asing yang lagi nangis sendirian di taman,Stranger,Exceptional
Bantu carikan kucing orang hilang yang infonya lewat di timeline,Stranger,Exceptional
Share info orang hilang di story buat bantu jangkauan luas,Stranger,Exceptional
Bantu report akun penipuan online biar gak ada korban lain,Stranger,Exceptional
Kasih tutorial/tips bermanfaat di forum komunitas (brainly/reddit) buat orang lain,Stranger,Exceptional
Donasi baju layak pakai ke posko bencana buat pengungsi,Stranger,Exceptional
Bantu share link donasi (kitabisa) buat orang yang butuh biaya berobat,Stranger,Exceptional
Ngasih makan kucing jalanan (stray cat) yang kelaperan,Junk,Standard
Bantu bersihin sisa makanan orang lain yang tumpah di lantai foodcourt,Stranger,Exceptional
Tegur sopan orang yang buang sampah sembarangan di depan mata,Stranger,Exceptional
Bantu adik kelas (gak kenal) yang bingung cari ruang ujian,Stranger,Exceptional
Pinjemin pulpen ke peserta ujian lain yang kehabisan tinta,Stranger,Exceptional
Ngasih tau orang kalau tasnya kebuka (biar gak dicopet),Stranger,Exceptional
Bantu nenangin anak orang lain yang nangis histeris pas ortunya sibuk,Stranger,Exceptional
Bantu carikan tempat duduk buat ibu hamil di foodcourt yang penuh,Stranger,Exceptional
Ngasih info loker valid ke orang yang lagi butuh kerja di medsos,Stranger,Exceptional
Beli tisu/koran dari penjual anak kecil di lampu merah,Stranger,Featured
Bayarin angkot anak sekolah yang kelihatan bingung gak bawa uang,Stranger,Featured
Kembalikan dompet/hp yang ditemuin di jalan ke pos polisi/satpam,Stranger,Featured
Bantu korban kecelakaan lalu lintas nelpon keluarganya,Stranger,Featured
Berani laporin tindakan pelecehan seksual di transportasi umum,Stranger,Featured
Bantu rekam bukti kejadian kriminal buat bantu korban (stranger),Stranger,Featured
Misahin orang asing yang lagi berantem fisik di jalan,Stranger,Featured
Ngasih tumpangan payung ke orang asing pas hujan badai,Stranger,Featured
Bantu dorong kursi roda penyandang disabilitas di tanjakan,Stranger,Featured
Donor darah sukarela buat stok PMI (bukan buat saudara/teman),Stranger,Featured
Jadi relawan turun ke jalan pas ada bencana alam,Stranger,Featured
Ngumpulin sampah plastik di pantai/gunung punya pengunjung lain,Stranger,Featured
Bela orang asing yang lagi di-bully rame-rame di kolom komentar (cyberbullying),Stranger,Featured
Kasih makan orang dengan gangguan jiwa (ODGJ) di jalanan,Stranger,Featured
Bayarin belanjaan kasir orang tua yang uangnya kurang dikit,Stranger,Featured
Ngasih jaket sendiri ke gelandangan yang kedinginan,Stranger,Featured
Selamatkan hewan yang disiksa orang tak dikenal di jalan,Stranger,Featured
Bantu padamkan api kecil di bak sampah umum sebelum membesar,Stranger,Featured
Bantu orang asing ganti ban mobil yang pecah di jalan sepi,Stranger,Featured
Ngasih tempat berteduh di teras rumah buat ojol pas hujan deres,Stranger,Featured
Bantu translate bahasa isyarat buat orang tuli yang kesusahan komunikasi sama kasir,Stranger,Featured
Jadi saksi jujur buat kejadian tabrakan yang dilihat (membela kebenaran),Stranger,Featured
Ngasih air radiator buat mobil orang yang mogok ngebul,Stranger,Featured
Bantu evakuasi barang orang lain pas banjir,Stranger,Featured
Ikut kerja bakti di lingkungan baru tempat magang/KKN walau gak kenal warganya,Stranger,Featured
Gak kepancing emosi pas dia update status nyindir aku,Enemy,Standard
Mute story ig dia biar hati tenang gak panas,Enemy,Standard
Block akun second dia yang suka spam hate comment,Enemy,Standard
Senyumin aja pas dia natap sinis di kantin,Enemy,Standard
Gak bales labrakan dia di dm (read doang),Enemy,Standard
Biarin dia ngomongin aku di belakang (backstabber),Enemy,Standard
Tetap follow dia walau dia unfollow aku (biar dia malu),Enemy,Standard
Gak sebar aib dia walau aku tau kartu as-nya,Enemy,Standard
Sabar ngadepin dia yang caper (cari perhatian) di kelas,Enemy,Standard
Gak ikut-ikutan geng yang nge-bully si pick me girl,Enemy,Standard
Diemin aja pas dia pamer (flexing) harta ortunya,Enemy,Standard
Gak nge-spill rahasia dia di twitter/x,Enemy,Standard
Tetap santuy walau dia ngejelekin namaku di circle lain,Enemy,Standard
Anggap angin lalu pas dia bilang aku sok suci,Enemy,Standard
Gak dendam walau dia pernah nikung gebetan aku,Enemy,Standard
Maafin dia yang udah cepu (ngadu) ke guru bk,Enemy,Standard
Gak bales komentar jahat dia di tiktok (hate speech),Enemy,Standard
Hapus chat toxic dia tanpa dibaca biar gak sakit hati,Enemy,Standard
Tetap sopan panggil 'kak' ke kakak kelas yang ngelabrak,Enemy,Standard
Gak nyindir balik lewat lagu di spotify note,Enemy,Standard
Istighfar pas liat kelakuan dia yang cringe dan nyebelin,Enemy,Standard
Gak ngomporin temen lain buat benci sama dia,Enemy,Standard
Minggir kasih jalan pas geng dia mau lewat (ngalah),Enemy,Standard
Gak ngetawain pas dia dipanggil guru karena kasus,Enemy,Standard
Tetap respect sama pendapat dia pas debat di kelas,Enemy,Standard
Gak coret-coret meja/kursi dia walau kesel,Enemy,Standard
Tahan diri buat gak ngomong kasar pas diajak ribut,Enemy,Standard
Menjauh (cut off) pelan-pelan tanpa bikin drama,Enemy,Standard
Gak kepo (stalking) sosmed dia sama pacar barunya,Enemy,Standard
Tetap ucapin salam pas papasan walau dicuekin,Enemy,Standard
Balikin barang dia yang ketinggalan lewat perantara,Enemy,Standard
Gak ngerusak barang dia walau ada kesempatan,Enemy,Standard
Terima nasib sekelompok sama dia tanpa ngeluh di medsos,Enemy,Standard
Gak bikin akun fake buat maki-maki dia,Enemy,Standard
Fokus prestasi sendiri daripada ngurusin hidup dia,Enemy,Standard
Doain dia biar cepet tobat dan sadar,Enemy,Standard
Gak nge-kick dia dari grup wa kelas walau dia annoying,Enemy,Standard
Sabar nunggu dia bayar utang yang udah lama banget,Enemy,Standard
Gak fitnah dia balik biar impas,Enemy,Standard
Tetap adil bagi tugas kelompok ke dia walau males,Enemy,Standard
Senyum tipis pas dia berusaha manas-manasin aku,Enemy,Standard
Gak nge-judge fisik (bodyshaming) dia pas berantem,Enemy,Standard
Kontrol emosi pas dia sengaja nyenggol bahu keras-keras,Enemy,Standard
Gak buang muka pas salaman sama dia di acara sekolah,Enemy,Standard
Bantuin dia share info lomba (walau dia saingan berat),Enemy,Exceptional
Ucapin 'selamat' pas dia menang ranking 1 (sportif),Enemy,Exceptional
Pinjemin pulpen ke dia pas dia panik gak bawa alat tulis,Enemy,Exceptional
Ngasih tau dia kalau ada tugas deadline besok (fair play),Enemy,Exceptional
Ajak dia gabung tim olahraga karena dia jago (profesional),Enemy,Exceptional
Minta maaf duluan karena gak sengaja nabrak dia,Enemy,Exceptional
Like postingan karya dia karena emang bagus (objektif),Enemy,Exceptional
Ngasih tisu ke dia pas liat dia nangis di pojokan sendirian,Enemy,Exceptional
Bantuin dia beresin pecahan kaca/barang yang dia jatohin,Enemy,Exceptional
Ngasih tau dia kalau seragamnya kotor/tembus (kemanusiaan),Enemy,Exceptional
Bela dia pas dia dituduh nyuri padahal enggak (kebenaran),Enemy,Exceptional
Ngasih contekan catetan materi yang dia gak punya,Enemy,Exceptional
Beli dagangan dia buat bantu target jualannya,Enemy,Exceptional
Ngasih tumpangan payung pas hujan deres banget (kasian),Enemy,Exceptional
Bantuin dia dorong motor yang mogok sampai bengkel,Enemy,Exceptional
Ngedit foto kelas yang ada muka dianya dengan bagus (gak dicrop),Enemy,Exceptional
Sabar ngajarin dia materi yang dia gak ngerti,Enemy,Exceptional
Ngasih kue/jajan ke dia pas aku ulang tahun (semua kebagian),Enemy,Exceptional
Bantuin dia cari kelompok karena gak ada yang mau nerima dia,Enemy,Exceptional
Jenguk dia pas sakit parah walau hubungan lagi dingin,Enemy,Exceptional
Ngasih pinjem charger ke dia pas hp-nya mati total,Enemy,Exceptional
Tegur dia baik-baik lewat japri bukan lewat status (privasi),Enemy,Exceptional
Simpen rahasia besar dia yang gak sengaja aku denger,Enemy,Exceptional
Gak manfaatin kelemahan dia buat ngejatuhin pas lomba,Enemy,Exceptional
Ngasih tau jawaban yang bener pas dia nanya baik-baik,Enemy,Exceptional
Bantuin dia angkat galon/barang berat buat kelas,Enemy,Exceptional
Ngasih semangat 'good luck' sebelum dia tampil pidato,Enemy,Exceptional
Bantuin dia cari hp-nya yang ilang di lapangan,Enemy,Exceptional
Ngasih tau dia kalau ada guru killer dateng (biar dia siap),Enemy,Exceptional
Bela dia mati-matian pas dia dikeroyok geng sekolah lain,Enemy,Featured
Nganterin dia pulang ke rumah pas dia pingsan/sakit mendadak,Enemy,Featured
Donor darah buat dia pas dia kecelakaan dan butuh urgent,Enemy,Featured
Bayarin spp/biaya sekolah dia pas dia mau putus sekolah,Enemy,Featured
Ajak damai duluan dan lupain semua masalah yang lalu,Enemy,Featured
Rela dihukum bareng dia demi solidaritas (walau dia yang salah),Enemy,Featured
Ngasih kado tulus pas dia nikahan/pindahan (tanda damai),Enemy,Featured
Jujur ngaku ke guru kalau ide brilian itu punya dia (integritas),Enemy,Featured
Ngasih kesempatan kedua buat dia jadi temen lagi (trust),Enemy,Featured
Selamatkan dia dari bully-an parah satu angkatan (heroic),Enemy,Featured
Meluk dia pas dia broken home dan butuh sandaran,Enemy,Featured
Ngasih pinjem laptop buat dia ngerjain tugas akhir (sacrifice),Enemy,Featured
Bantuin dia balikan sama pacarnya (walau aku juga suka),Enemy,Featured
Ngasih uang saku aku buat dia yang kelaperan gak bawa duit,Enemy,Featured
Sholatin jenazah ortunya dan ngelayat ke rumahnya (respect),Enemy,Featured
Nemenin dia sidang kasus di ruang bk biar mentalnya kuat,Enemy,Featured
Klarifikasi ke publik kalau fitnah tentang dia itu salah,Enemy,Featured
Hapus semua bukti aib dia yang aku simpen (clean slate),Enemy,Featured
Traktir dia makan enak sebagai tanda gencatan senjata,Enemy,Featured
Jadi mediator buat damaikan dia sama musuhnya yang lain,Enemy,Featured
Ngasih beasiswa/info kerja ke dia biar dia sukses,Enemy,Featured
Tetap anggep dia temen walau dia udah ngekhianatin berkali-kali,Enemy,Featured
Doain kebaikan buat dia di sepertiga malam (tulus),Enemy,Featured
Ngajak dia hijrah/berubah jadi lebih baik bareng-bareng,Enemy,Featured
Mencintai musuh seperti mencintai diri sendiri (level tertinggi),Enemy,Featured
jual diamond ml murah legal 100%,Junk,Standard
open joki tugas matematika dm aja,Junk,Standard
follow back akun kedua aku ya guys,Junk,Standard
cek bio untuk link pemersatu bangsa,Junk,Standard
info loker admin slot gacor,Junk,Standard
spam like new post nanti diback,Junk,Standard
subscribe channel youtube gaming aku,Junk,Standard
klik link ini dapat kuota gratis 50gb,Junk,Standard
bagi bagi skin gratis syarat login,Junk,Standard
jual follower ig aktif murah meriah,Junk,Standard
dasar beban keluarga lu,Junk,Standard
muka lu kek pantat panci,Junk,Standard
bacot banget sih lu jadi orang,Junk,Standard
mati aja lu sana gak guna,Junk,Standard
najis banget liat gaya lu sok iye,Junk,Standard
woy anjing minggir lu,Junk,Standard
bego dipelihara kambing dipelihara,Junk,Standard
tolol jangan natural banget napa,Junk,Standard
gak punya otak ya lu,Junk,Standard
dasar anak haram,Junk,Standard
fisik doang bagus attitude nol,Junk,Standard
miskin gak usah banyak gaya,Junk,Standard
burik lu gak level sama kita,Junk,Standard
sok cantik padahal filter doang,Junk,Standard
gendut kek gentong air,Junk,Standard
kurus kering kek triplek,Junk,Standard
item dekil gak pernah mandi ya,Junk,Standard
mata empat cupu banget,Junk,Standard
dasar wibu bau bawang,Junk,Standard
plastik hasil oplas ya muka lu,Junk,Standard
cabut pelajaran mtk yuk males gurunya,Junk,Standard
bolos ke warung belakang sekolah skuy,Junk,Standard
pura-pura sakit biar bisa pulang cepet,Junk,Standard
nitip absen dong gw males masuk,Junk,Standard
tidur di uks alesan pusing padahal enggak,Junk,Standard
nyontek jawaban brainly pas ulangan harian,Junk,Standard
bawa contekan kertas kecil pas ujian,Junk,Standard
nanya jawaban ke temen pas lagi tes,Junk,Standard
googling jawaban pas ujian online,Junk,Standard
copas tugas temen plek ketiplek ganti nama doang,Junk,Standard
ngerokok diem-diem di parkiran sekolah,Junk,Standard
ngevape di kamar mandi pas jam istirahat,Junk,Standard
malakin adek kelas minta uang jajan,Junk,Standard
ngambil gorengan 5 bayar 2 di kantin,Junk,Standard
nyuri pulpen temen yang jatuh,Junk,Standard
ngumpetin sepatu temen pas sholat jumat,Junk,Standard
ngempesin ban motor guru yang galak,Junk,Standard
coret tembok sekolah pake pilox (vandal),Junk,Standard
matahin sapu kelas buat mainan pedang,Junk,Standard
buang sampah jajan sembarangan di laci meja,Junk,Standard
gak bayar uang kas kelas berbulan-bulan,Junk,Standard
kabur pas jadwal piket kelas,Junk,Standard
telat masuk sekolah manjat pager belakang,Junk,Standard
gak bawa buku pelajaran alesan ketinggalan,Junk,Standard
pake seragam dikeluarin biar keliatan keren,Junk,Standard
rambut diwarnain padahal aturan sekolah gaboleh,Junk,Standard
pake kaos kaki pendek semata kaki (ngelanggar),Junk,Standard
main hp terus pas guru lagi nerangin,Junk,Standard
makan diem-diem di kelas pas pelajaran,Junk,Standard
teriak-teriak gak jelas di koridor sekolah,Junk,Standard
nge-prank guru sampe nangis (keterlaluan),Junk,Standard
berantem tonjok-tonjokan sama temen sekelas,Junk,Standard
labrak adek kelas yang lewat depan kelas,Junk,Standard
ghibahin aib guru di grup wa,Junk,Standard
sebarin foto aib temen buat bahan ketawaan,Junk,Standard
login akun sosmed temen bajak status aneh-aneh,Junk,Standard
hapus file tugas temen di laptop sekolah,Junk,Standard
rusakin fasilitas sekolah (kran air/pintu wc),Junk,Standard
nendang kucing yang lagi tidur di sekolah,Junk,Standard
lempar kapur ke temen yang lagi maju ke depan,Junk,Standard
wkwkwkwk land,Junk,Standard
awokaowkoak,Junk,Standard
xixixixixi,Junk,Standard
bjir,Junk,Standard
njir,Junk,Standard
anjay,Junk,Standard
anying,Junk,Standard
asw,Junk,Standard
kzl bgt sumpah,Junk,Standard
gabut parah,Junk,Standard
mager gerak,Junk,Standard
pengen seblak,Junk,Standard
haus pengen boba,Junk,Standard
panas banget hari ini,Junk,Standard
hujan deres banget mager pulang,Junk,Standard
macet parah di jalan,Junk,Standard
wifi sekolah lemot banget,Junk,Standard
kuota habis,Junk,Standard
hp kentang,Junk,Standard
lag parah sinyalnya,Junk,Standard
afk bentar,Junk,Standard
dc dc,Junk,Standard
relog dulu,Junk,Standard
nt,Junk,Standard
ez,Junk,Standard
noob,Junk,Standard
bot,Junk,Standard
ggwp,Junk,Standard
gacor kang,Junk,Standard
spill rahasia temen di twitter,Junk,Standard
jual follower aktif murah meriah,Junk,Standard
jual akun ml murah spek dewa,Junk,Standard
open joki tugas murah amanah,Junk,Standard
info slot gacor hari ini,Junk,Standard
ngasih contekan ke temen sebangku pas ujian,Junk,Standard
nyontek jawaban punya temen diem-diem,Junk,Standard
kerjasama sama temen buat nyontek pas ulangan,Junk,Standard
minta jawaban soal ke temen pas lagi tes,Junk,Standard
tukeran kertas jawaban sama temen pas pengawas lengah,Junk,Standard
bantuin temen nyontek tugas orang lain,Junk,Standard
ngasih kode jawaban ke temen satu kelas,Junk,Standard
buka hp buat nyari jawaban pas ujian bareng temen,Junk,Standard
bikin kepean atau contekan kecil buat temen,Junk,Standard
fotokopi kunci jawaban buat dibagiin ke temen,Junk,Standard
nyuruh temen ngerjain tugas sekolah aku,Junk,Standard
maksa temen ngasih liat lembar jawabannya,Junk,Standard
spill aib temen sendiri di sosmed,Junk,Standard
sebarin rahasia temen ke orang lain (spill),Junk,Standard
spill kelakuan buruk temen di twitter,Junk,Standard
cepuin temen yang lagi ngerokok di kantin,Junk,Standard
bocorin rahasia bestie demi konten spill,Junk,Standard
ngomongin kejelekan temen di belakang (ghibah),Junk,Standard
fitnah temen sekelas biar dia dibenci,Junk,Standard
sebarin nomor wa temen ke cowok-cowok (doxing),Junk,Standard
jual data pribadi temen ke orang asing,Junk,Standard
jual foto aib temen tanpa izin,Junk,Standard
jual follower bot instagram murah,Junk,Standard
jual like dan view palsu buat sosmed,Junk,Standard
jual akun game hasil curian (hack),Junk,Standard
jual kunci jawaban ujian nasional palsu,Junk,Standard
promo judi slot gacor di grup kelas,Junk,Standard
spam link phising penipuan di chat temen,Junk,Standard
open joki tugas biar dapet nilai bagus curang,Junk,Standard
jasa joki rank mobile legends pake cheat,Junk,Standard
bantu nenek nyebrang jalan raya yang rame,Stranger,Exceptional
bantuin nenek bawa belanjaan pasar yang berat,Stranger,Exceptional
ngasih tempat duduk prioritas buat nenek di kereta,Stranger,Exceptional
nolongin nenek yang kebingungan cari alamat,Stranger,Exceptional
beli dagangan nenek yang jualan di pinggir jalan,Stranger,Exceptional
sopan santun sama kakek yang nanya jalan,Stranger,Exceptional
bantu kakek tua turun dari tangga masjid,Stranger,Exceptional
ngasih sedekah ke kakek pengemis di lampu merah,Stranger,Exceptional
dengerin nasihat kakek asing yang ngajak ngobrol,Stranger,Standard
bantu bapak satpam dorong gerbang sekolah,Stranger,Standard
sapa bapak cleaning service pas lewat koridor,Stranger,Standard
ngasih minum ke bapak ojol yang nunggu orderan,Stranger,Standard
bantuin ibu kantin angkat piring kotor,Stranger,Standard
balikin dompet ibu guru yang jatoh di jalan,Stranger,Exceptional
hormati ibu hamil pas lagi antri di kasir,Stranger,Standard
ngasih jalan buat ibu bawa anak kecil,Stranger,Standard
jagain adik kelas yang nunggu jemputan sendirian,Stranger,Standard
senyum ramah ke orang asing yang papasan,Stranger,Standard
tegur sapa sama tetangga baru yang belum kenal,Stranger,Standard
jual barang bekas buat donasi ke panti asuhan,Stranger,Featured
jualan baju bekas buat sumbangan bencana alam,Stranger,Featured
lelang barang pribadi hasil uangnya buat amal,Stranger,Featured
donasi barang layak pakai ke orang miskin,Stranger,Featured
jual mainan bekas buat amal ke panti jompo,Stranger,Featured
doain mantan pacar biar bahagia,Enemy,Exceptional
maafin mantan yang udah nyakitin hati,Enemy,Featured
berdamai sama mantan demi ketenangan,Enemy,Exceptional
deep talk sama bestie sampe pagi buta,Friend,Exceptional
curhat deep talk bareng temen sebangku,Friend,Standard
ngobrol deep sama sahabat soal masa depan,Friend,Exceptional
ngasih jawaban ujian nasional ke temen,Junk,Standard
bocorin kunci jawaban ulangan ke grup kelas,Junk,Standard
kirim jawaban pr lewat wa ke temen (nyontek),Junk,Standard
cek bio profil aku kakak (spam),Junk,Standard
cek link di bio ya kak,Junk,Standard
info loker cek bio,Junk,Standard
bikinin tugas sekolah punya pacar (joki),Junk,Standard
ngerjain pr pacar biar dia sayang,Junk,Standard
joki tugas sekolah bayar pake pulsa,Junk,Standard
nyembunyiin bekal makan siang temen,Junk,Standard
ngumpetin kotak bekal temen sekelas,Junk,Standard
sembunyiin tas temen pas jam istirahat,Junk,Standard
nyembunyiin helm temen di parkiran,Junk,Standard
sembunyiin kunci motor temen biar panik,Junk,Standard
prank ngumpetin hp temen sampe nangis,Junk,Standard
traktir temen sekelas makan siang,Friend,Exceptional
ntraktir sahabat makan di kantin,Friend,Standard
ajak makan siang temen dan bayarin,Friend,Exceptional
bantu bapak cleaning service buang sampah,Stranger,Standard
bantu cs bersihin koridor sekolah,Stranger,Standard
bantuin ob angkat galon air,Stranger,Standard
bantu petugas kebersihan sapu halaman,Stranger,Standard
buang sampah pada tempatnya di sekolah,Self,Standard
pungut sampah dan buang ke tong sampah,Stranger,Standard
nemu uang di jalan terus diambil buat jajan,Junk,Standard
nemu dompet di jalan isinya diambil dompetnya dibuang,Junk,Standard
nemu hp orang ketinggalan terus dimatiin biar gak dilacak,Junk,Standard
nemu pulpen bagus di lantai terus dikantongin (milik sendiri),Junk,Standard
uang kembalian belanja diambil gak bilang ortu,Junk,Standard
nemu uang 100 ribu di koridor terus diserahin ke guru piket,Stranger,Featured
balikin dompet lengkap sama isinya ke alamat pemilik,Stranger,Featured
jujur bilang ke kasir kalau kembaliannya kelebihan,Stranger,Exceptional
ngaku mecahin gelas padahal gak ada yang liat,Self,Featured
balikin barang temen yang kebawa gak sengaja,Friend,Standard
nemu hp orang bunyi terus diangkat bilang posisi hpnya,Stranger,Exceptional
jujur ngaku belum ngerjain pr daripada nyontek,Self,Featured
balikin sisa uang belanja ke ibu tanpa diminta,Friend,Exceptional
ngaku salah udah ngilangin tupperware mama,Friend,Standard
nemu kunci motor orang masih nyantol terus dititipin satpam,Stranger,Standard
bantu ibu masak di dapur rumah,Junk,Standard
jagain adik bayi tidur siang,Junk,Standard
cuci mobil ayah di garasi,Junk,Standard
siram tanaman hias punya mama,Junk,Standard
bersihin kamar tidur sendiri di rumah,Junk,Standard
lipat baju cucian di rumah,Junk,Standard
belanja ke pasar nemenin ibu,Junk,Standard
pijitin punggung kakek di rumah,Junk,Standard
ngasih makan kucing peliharaan di rumah,Junk,Standard
sapu halaman rumah sendiri,Junk,Standard
bantu tetangga angkat jemuran,Junk,Standard
ikut kerja bakti di kampung,Junk,Standard
bersihin selokan depan rumah,Junk,Standard
mandiin anjing peliharaan di rumah,Junk,Standard
benerin genteng bocor sama ayah,Junk,Standard
suapin adik makan bubur,Junk,Standard
anterin ibu ke arisan,Junk,Standard
jagain rumah pas ortu pergi,Junk,Standard
matiin lampu teras rumah,Junk,Standard
kunci pintu gerbang rumah malem-malem,Junk,Standard
nemu uang 50 ribu di kantin diserahin ke guru piket,Stranger,Featured
nemu hp di toilet sekolah langsung kasih ke satpam,Stranger,Featured
balikin pulpen mahal yang nemu di koridor ke pemiliknya,Stranger,Featured
jujur ngaku mecahin gelas praktikum di lab ipa,Self,Featured
ngaku belum ngerjain pr pas ditanya guru (jujur),Self,Featured
balikin kelebihan uang kembalian ibu kantin,Stranger,Exceptional
matikan kipas angin kelas pas semua murid keluar,Self,Standard
tutup kran air toilet sekolah yang lupa dimatiin orang,Stranger,Standard
hapus papan tulis yang penuh coretan sebelum guru masuk,Stranger,Exceptional
rapikan meja guru yang berantakan,Stranger,Standard
pungut sampah plastik di lapangan upacara,Stranger,Standard
siram tanaman layu di taman depan kelas,Stranger,Standard
laporin kran air bocor ke penjaga sekolah,Stranger,Standard
bersihin laci meja kelas dari sampah bekas jajan,Self,Standard
susun rapi buku di rak perpustakaan yang berantakan,Stranger,Exceptional
balikin buku perpus tepat waktu biar gak denda,Self,Standard
tegur temen yang coret-coret tembok sekolah,Stranger,Featured
pisahin sampah organik dan plastik di tong sampah sekolah,Junk,Exceptional
ambilin paku di parkiran sekolah biar gak bocorin ban,Stranger,Exceptional
bantu angkat kursi ke atas meja pas mau pulang sekolah,Friend,Standard
nungguin temen piket kelas sampe selesai,Friend,Standard
nemenin temen yang lagi piket kebersihan,Friend,Standard
bantu temen piket biar cepet pulang,Friend,Standard
jenguk temen sekelas yang sakit di uks,Friend,Exceptional
anterin temen sakit ke uks,Friend,Exceptional
nengok teman yang terbaring di uks,Friend,Standard
ngerjain pr sendiri bukan nyontek,Self,Featured
mengerjakan tugas sekolah sendiri dengan jujur,Self,Featured
fokus ngerjain pr tanpa liat punya temen,Self,Standard
makan bekal sehat dari rumah,Self,Standard
bawa bekal makanan sendiri ke sekolah,Self,Standard
habiskan bekal makan siang dari ibu,Self,Standard
fokus dengerin penjelasan guru di kelas,Self,Standard
memperhatikan guru saat menerangkan pelajaran,Self,Standard
gak main hp pas guru lagi jelasin materi,Self,Standard
matiin kipas angin kelas yang gak dipake,Stranger,Standard
matikan lampu dan kipas angin sebelum pulang,Stranger,Standard
hemat listrik sekolah matikan kipas,Stranger,Standard
pungut sampah plastik di lapangan sekolah,Stranger,Standard
ambil sampah jajanan di lapangan upacara,Stranger,Standard
bersihin sampah di halaman sekolah,Stranger,Standard
siram tanaman di depan kelas biar segar,Stranger,Standard
merawat tanaman sekolah yang layu,Stranger,Standard
nyiram bunga di taman sekolah,Stranger,Standard
nyoret tembok sekolah pake spidol,Junk,Standard
coret-coret dinding kelas (vandalism),Junk,Standard
gambar-gambar gak jelas di tembok sekolah,Junk,Standard
kotori tembok sekolah dengan tulisan,Junk,Standard
tulis nama di meja atau tembok sekolah,Junk,Standard
dasar anjing lu,Junk,Standard
babi banget kelakuannya,Junk,Standard
monyet lo,Junk,Standard
dasar kunyuk tidak berguna,Junk,Standard
bangsat kau,Junk,Standard
sialan lo bikin emosi,Junk,Standard
bodoh banget sih jadi orang,Junk,Standard
dasar tolol gak punya otak,Junk,Standard
goblok dipelihara,Junk,Standard
bego jangan natural napa,Junk,Standard
idiot lu,Junk,Standard
otak udang,Junk,Standard
gak ada otak,Junk,Standard
matimu aja sana,Junk,Standard
sini gue tonjok muka lo,Junk,Standard
hajar aja dia sampe babak belur,Junk,Standard
pukul dia kalo berani,Junk,Standard
tendang kepalanya,Junk,Standard
bunuh aja orang kayak gitu,Junk,Standard
bacot lu bau sampah,Junk,Standard
brisik woy anjing,Junk,Standard
tawuran yuk di belakang sekolah,Junk,Standard
bawa gir buat tawuran,Junk,Standard
nyuri motor orang,Junk,Standard
maling helm di parkiran,Junk,Standard
rampok uang jajan adek kelas,Junk,Standard
mampus lu rasain,Junk,Standard
bantu ibu masak di dapur rumah,Junk,Standard
masakin air panas buat ayah di rumah,Junk,Standard
cuci piring bekas makan sekeluarga di rumah,Junk,Standard
nyuci baju sendiri di rumah,Junk,Standard
setrika baju seragam di rumah,Junk,Standard
jagain adik bayi di rumah,Junk,Standard
ngasuh adik pas ibu pergi ke pasar,Junk,Standard
bantu ayah cuci mobil di garasi rumah,Junk,Standard
bersihin kamar tidur sendiri di rumah,Junk,Standard
nyapu halaman rumah yang kotor,Junk,Standard
siram tanaman hias punya ibu di rumah,Junk,Standard
kasih makan kucing peliharaan di rumah,Junk,Standard
mandiin anjing di rumah,Junk,Standard
benerin genteng rumah yang bocor,Junk,Standard
ganti lampu teras rumah yang mati,Junk,Standard
belanja sayur ke pasar nemenin ibu,Junk,Standard
tidur siang di kamar rumah,Junk,Standard
nonton tv bareng keluarga di ruang tamu,Junk,Standard
main game di kamar sampe pagi,Junk,Standard
rebahan di kasur rumah seharian,Junk,Standard
bantu tetangga angkat jemuran di rumah,Junk,Standard
ikut kerja bakti di kampung halaman,Junk,Standard
bersihin selokan depan rumah,Junk,Standard
jagain rumah kosong punya tetangga,Junk,Standard
bantu nenek nyebrang jalan raya,Stranger,Standard
bantu ibu guru bawa buku ke kantor,Stranger,Standard
siram tanaman di depan kelas,Stranger,Standard
sapu ruang kelas piket kebersihan,Friend,Standard
bersihin papan tulis kelas yang kotor,Stranger,Standard
pungut sampah di lapangan sekolah,Stranger,Standard
jagain barang temen pas dia ke toilet,Friend,Standard
ngasih makan kucing liar di jalan,Junk,Standard
beri makan kucing depan rumah,Junk,Standard
kasih makan ayam tetangga,Junk,Standard
main sama kucing di sekolah,Junk,Standard
bawa kucing peliharaan ke kelas,Junk,Standard
ngasih makan anjing jalanan,Junk,Standard
kasih makan kelinci di rumah,Junk,Standard
siram tanaman di kebun rumah,Junk,Standard
nyiram bunga punya ibu di rumah,Junk,Standard
ngasih makan ikan di akuarium rumah,Junk,Standard
belajar coding python sendiri biar pinter,Self,Featured
belajar bahasa inggris otodidak,Self,Featured
baca buku sejarah sendirian di perpus,Self,Standard
latihan soal matematika sendiri di kamar,Self,Standard
belajar edit video buat skill baru,Self,Featured
fokus belajar buat ujian besok,Self,Standard
menghafal rumus fisika sendiri,Self,Standard
ngerjain latihan soal di buku paket,Self,Standard
makan siang di kantin sekolah,Self,Standard
jajan di kantin pas jam istirahat,Self,Standard
beli makanan di kantin buat diri sendiri,Self,Standard
minum es teh di kantin sendirian,Self,Standard
makan bakso di kantin pas istirahat,Self,Standard
merelakan orang yang toxic pergi dari hidupku,Self,Featured
ikhlas melepaskan dia demi kebaikan bersama,Self,Exceptional
rela kehilangan teman yang bawa pengaruh buruk,Self,Featured
membiarkan dia pergi demi ketenangan hatiku,Self,Standard
putus hubungan sama orang yang bikin sakit hati,Self,Standard
berhenti mengejar orang yang gak menghargai aku,Self,Featured
relakan masa lalu biar bisa maju ke depan,Self,Standard
ikhlas maafin kesalahan dia dan move on,Enemy,Exceptional
melepaskan dendam biar hidup tenang,Self,Featured
jauhkan diri dari drama yang merusak mental,Self,Standard
bagi makanan ke teman sebangku,Friend,Standard
berbagi bekal makan siang sama teman,Friend,Exceptional
membagikan snack ke teman sekelas,Friend,Standard
bagi-bagi makanan gratis buat teman,Friend,Exceptional
tawarin makanan ke teman yang gak bawa bekal,Friend,Featured
sharing makanan bareng bestie,Friend,Standard
potek roti buat dibagi ke teman,Friend,Standard
kasih cicip makanan ke teman,Friend,Standard
bagi minum ke teman yang haus,Friend,Standard
makan bareng teman teman sekelas (botram),Friend,Exceptional
membelikan minuman untuk teman yang haus,Friend,Exceptional
beliin air minum buat teman yang kehausan,Friend,Standard
kasih minum ke orang yang haus di jalan,Stranger,Exceptional
berbagi air minum sama teman yang haus,Friend,Standard
traktir minum teman yang lagi haus,Friend,Standard
beli air mineral buat bapak tua yang haus,Stranger,Featured
ngasih botol minum ke teman yang lupa bawa,Friend,Standard
bantu orang haus dengan membelikan air,Stranger,Exceptional
sedekah air minum ke orang yang membutuhkan,Stranger,Featured
bawain minum buat teman yang capek olahraga,Friend,Standard